Place Name,Address,City,Rating,Total Ratings,Latitude,Longitude,Type,Description
Mine Creek Civil War Battlefield State Historic Site,"20485 KS-52, Pleasanton",Pleasanton,4.6,129,38.1450211,-94.72343579999999,"park, tourist_attraction, point_of_interest, establishment","The museum did have some interesting artifacts, information and beautiful trails.  We were also warned about ticks.  Make sure that you spray yourself before you go on the trails."
Battle Of Island Mound State Historic Site,"NW County Raod 1002, Butler",Butler,4.6,89,38.2351761,-94.4398796,"tourist_attraction, park, point_of_interest, establishment","Easy stop, quick visit, but a cool piece of history. The trail was well maintained and the bathroom was also well maintained.  Check out my instagram post on this site: @mikeisoutside"
Black Jack Battlefield,"163 E 2000 Rd, Wellsville",Wellsville,4.7,85,38.7622179,-95.1329633,"tourist_attraction, point_of_interest, establishment",Mostly cut down trails.  Half shaded.  One of the bridges worries me but otherwise it's a pleasant area.  Lots of ticks this year.
Mine Creek Battlefield Interpretive Walking Trail,"20485 KS-52, Pleasanton",Pleasanton,0,0,38.14463689999999,-94.72353199999999,"point_of_interest, establishment",No description available
Battlefield Cemetery,Pleasanton,Pleasanton,0,0,38.1221656,-94.7233876,"cemetery, point_of_interest, establishment",No description available
Battle Boutique,"11716 W 95th St, Overland Park",Overland Park,5,5,38.9571183,-94.72153589999999,"point_of_interest, establishment","This is a great resource for breast cancer patients especially but for anyone really. They have a little bit of everything. Clothing, wigs, scarves, bras, pillow protectors for your seatbelt after surgery, handbags, hats, other assorted post mastectomy supplies, jewelry; really something for everyone. The owner & everyone working the store are so kind & helpful. Great place to shop & to donate to"
Black Jack Park,"2043 N 200 Rd, Wellsville",Wellsville,4.6,69,38.7672913,-95.128998,"park, tourist_attraction, point_of_interest, establishment","Beautiful and healthy prairie with a diverse range of wildflowers, grasses, and wildlife. The whole area has a great history (you can see clear evidence of the Santa Fe Trail) and there is a QR code you can scan on your phone for an audio tour along the trail if you so choose!"
Mine Creek,"Mine Creek, United States",United States,5,5,38.1599532,-94.6803386,"natural_feature, establishment",A very well put together and maintained museum depicting the civil war. The walking trails through the battlefield are well kept and easy to maneuver
